idx,dataset_name,question_id,question,gold_answer,pred_answer,raw_output,has_answer_tag
1,tgqa_split_train,story410_Q2_0,How long did the event (Oliver Thompson was married to Charlie Evans) last?,5,5 years,"--- [STAGE 1: GENERATOR] ---
<reasoning>
The event ""Oliver Thompson was married to Charlie Evans"" started in 2000 and ended in 2005. Therefore, it lasted from 2000 to 2005.
</reasoning>

<timeline>
- 2000: Oliver Thompson was married to Charlie Evans
- 2005: Oliver Thompson was no longer married to Charlie Evans
</timeline>

<reflection>
I correctly identified the start and end dates of the marriage between Oliver Thompson and Charlie Evans, which were 2000 and 2005 respectively. There were no other relevant temporal events provided in the context that would affect this calculation.
</reflection>

<answer>
2005 - 2000 = 5 years
</answer>

--- [STAGE 2: CRITIC] ---
<reflection>
The Draft Reasoning correctly identifies that the event ""Oliver Thompson was married to Charlie Evans"" began in 2000 and ended in 2005, thus lasting from 2000 to 2005. However, there seems to be an inconsistency with the Draft Timeline where it states that Oliver Thompson was no longer married to Charlie Evans in 2005. This contradicts the information given in the temporal context, which indicates that Oliver Thompson was still married to Charlie Evans until 2005. Therefore, the Draft Reasoning is accurate regarding the duration of the marriage, but the Draft Timeline contains an error by stating that Oliver Thompson was no longer married to Charlie Evans in 2005. The correct conclusion should consider both timelines together without conflicting information.
</reflection>

--- [STAGE 3: SOLVER] ---
<adjustments>
The Draft Reasoning correctly identifies that the event ""Oliver Thompson was married to Charlie Evans"" lasted from 2000 to 2005. However, the Draft Timeline incorrectly states that Oliver Thompson was no longer married to Charlie Evans in 2005. The correct conclusion should consider both timelines together without conflicting information.
</adjustments>
<answer>
5 years
</answer>",True
2,tgqa_split_train,story471_Q1_0,"Given the following five events: (Samuel Williams (football) played for Miami Thunder Soccer Team), (Samuel Williams (football) played for FC Oakville), (Samuel Williams (football) played for Whitefield United F.C.), (Samuel Williams (football) played for Wilmington Tigers soccer club), (Samuel Williams (football) played for London Rangers). Which event is the fourth one in chronological order?",Samuel Williams (football) played for FC Oakville,4,"--- [STAGE 1: GENERATOR] ---
<reasoning>
To determine which event is the fourth one in chronological order, we need to arrange the given events chronologically based on their start and end dates.
</reasoning>
<timeline>
- Samuel Williams (football) was born in Glenville (1987)
- Samuel Williams (football) played for Whitefield United F.C. (2003 - 2004)
- Samuel Williams (football) played for Miami Thunder Soccer Team (2005)
- Samuel Williams (football) played for Wilmington Tigers soccer club (2005 - 2007)
- Samuel Williams (football) played for FC Oakville (2006 - 2008)
- Samuel Williams (football) played for London Rangers (2016)
</timeline>
<reflection>
The events were arranged chronologically based on their start and end dates. Now, I can reflect on this arrangement to find out which event is the fourth one in chronological order.
</reflection>
[Samuel Williams (football) played for Miami Thunder Soccer Team] is the first event.
[Samuel Williams (football) played for Wilmington Tigers soccer club] is the second event.
[Samuel Williams (football) played for FC Oakville] is the third event.
[Samuel Williams (football) played for London Rangers] is the fourth event.
</answer>
4

--- [STAGE 2: CRITIC] ---
<reflection>
The Draft Reasoning correctly identifies that the events should be arranged chronologically based on their start and end dates. The Draft Timeline provides accurate information about when each event occurred, including Samuel Williams' birth year and his participation with various teams. However, there seems to be a discrepancy between the question asking for the fourth event in chronological order and the timeline showing the last event as starting in 2016. This suggests that the timeline might have been intended to show the latest events rather than the ones occurring first. Therefore, while the logic and timing of the events are consistent with the temporal context provided, the presentation of the timeline could be misleading due to its focus on the most recent activities.
</reflection>

--- [STAGE 3: SOLVER] ---
<adjustments>
The draft reasoning correctly identifies that the events should be arranged chronologically based on their start and end dates. The draft timeline provides accurate information about when each event occurred, including Samuel Williams' birth year and his participation with various teams. However, there seems to be a discrepancy between the question asking for the fourth event in chronological order and the timeline showing the latest event as starting in 2016. This suggests that the timeline might have been intended to show the latest events rather than the ones occurring first. Therefore, while the logic and timing of the events are consistent with the temporal context provided, the presentation of the timeline could be misleading due to its focus on the most recent activities.
</adjustments>
<answer>
4
</answer>",True
